codigo_inep;nome;latitude;longitude;ciclo;rede;situacao;atendimento;conveniada;endereco
51039923;ASS PESTALOZZI DE CUIABA - JONAS P DA SILVA JR;-15.62951000;-56.07620000;;privada;ativa;exclusivo_deficiencia;sim;RUA PARNAIBA, 351 ENFRENTE IGREJA SAO. PRAEIRO. 78098-630 Cuiabá - MT.
51064340;ASSOCIACAO FILANTROPICA SAO JUDAS TADEU;-15.61472870;-55.99627540;infantil|fundamental_i|fundamental_ii;privada;ativa;geral;sim;RUA NOVE, 98 17. OSMAR CABRAL. 78093-590 Cuiabá - MT.
51091313;ASSOCIACAO MATOGROSSENSE DOS CEGOS;-15.61345000;-56.10548000;;privada;ativa;exclusivo_deficiencia;sim;AVENIDA MARIO CORREA, 422 PORTO. 78025-140 Cuiabá - MT.
51070936;ASSOCIACAO OBRAS SOCIAIS SEARA DE LUZ CRECHE NINA ZAQUE;-15.61003667;-55.98520167;infantil;privada;ativa;geral;sim;ESTRADA COLINA VERDE, S/N QUADRA 05 - LOTE 60. LIBERDADE. 78099-899 Cuiabá - MT.
51066378;BERCARIO E DUCACAO INFANTIL TIA CORUJA;-15.61942000;-56.07113000;infantil|fundamental_i;privada;ativa;geral;nao;RUA ONZE, 08 JARDIM PETROPOLIS. 78070-078 Cuiabá - MT.
51065592;CEEI PORTAL DA FE;-15.63926333;-55.94118833;infantil;municipal;ativa;geral;nao;RUA LINHA 18, 02 PEDRA 90. 78099-240 Cuiabá - MT.
51056488;CEES - CENTRO EDUCACIONAL EL SHADAY;-15.57912000;-56.03748000;infantil|fundamental_i|fundamental_ii;privada;ativa;geral;nao;AVENIDA GOVERNADOR DANTE MARTINS DE OLIVEIRA, 352 PLANALTO. 78058-800 Cuiabá - MT.
51094924;CEIC ALE GUILHERME ARFUX DA COSTA RIBEIRO;-15.54367080;-56.07552680;infantil;municipal;ativa;geral;nao;RUA RODRIGUES DE CAMPOS - LOTEAMENTO JARDIM UNIAO-, ANT J COMPLEMENTO QUADRA 14, LOTE 01A, S/N CENTRO POLITICO ADMINISTRATIVO. 78055-859 Cuiabá - MT.
51088460;CEIC ALTOS DA GLORIA;-15.54433000;-56.01957000;infantil;municipal;ativa;geral;nao;RUA DAS BROMELIAS, 15 QUADRA 60. ALTOS DA GLORIA. 78057-324 Cuiabá - MT.
51093960;CEIC AMALIA CURVO DE CAMPOS;-15.64627000;-56.03355000;infantil;municipal;ativa;geral;nao;AVENIDA PRINCIPAL, SN RESIDENCIAL COXIPO. 78090-274 Cuiabá - MT.
51093022;CEIC BENEDITA DIAS EVANGELISTA;-15.59863000;-56.06929000;infantil;municipal;ativa;geral;nao;RUA DA PAZ, PEDREGAL. 78060-538 Cuiabá - MT.
51063131;CEIC CAIC ELDORADO;-15.58876895;-56.04785075;infantil;municipal;ativa;geral;nao;RUA 6 C, 01 JARDIM ELDORADO. 78051-414 Cuiabá - MT.
51093014;CEIC COLOMBA CACELIA LOMBARDI DORILEO;-15.61139000;-56.02610000;infantil;municipal;ativa;geral;nao;RUA 1900, SN QUADRA 30. JARDIM IMPERIAL. 78075-820 Cuiabá - MT.
51100207;CEIC DONA MICAELA HENRIQUE DE SOUZA LIMA;-15.59682812;-56.08527180;infantil;municipal;ativa;geral;nao;RUA AMERICO SALGADO, SN LIXEIRA. 78008-415 Cuiabá - MT.
51093979;CEIC EDNA CATHARINA PERRI RICCI;-15.57940000;-56.02366000;infantil;municipal;ativa;geral;nao;R. PRINCESA DIANE, SN ALTOS DA SERRA I. 78058-262 Cuiabá - MT.
51088550;CEIC ELZIRA CAVALCANTE DA SILVA;-15.54781000;-56.15837000;infantil;municipal;ativa;geral;nao;RUA DAS FLORES, S/N 2. SUCURI. 78105-970 Cuiabá - MT.
51063107;CEIC ESPACO LIVRE;-15.58793000;-56.09011000;infantil;municipal;ativa;geral;nao;RUA CARLOS GOMES, 100 AO LADO DEFESA CIVIL. ARAES. 78005-630 Cuiabá - MT.
51112809;CEIC FRANCISCO SANTANA;-15.56398887;-56.10815993;infantil;municipal;ativa;geral;nao;RUA BERNARDO ANTONIO DE OLIVEIRA NETO, 1503 RIBEIRAO DO LIPA. 78048-182 Cuiabá - MT.
51098601;CEIC HELENITA PAES DE ASSUNCAO;-15.63183000;-56.01418000;infantil;municipal;ativa;geral;nao;RUA 228, CASA 46 QU SETOR 2. TIJUCAL. 78088-200 Cuiabá - MT.
51093944;CEIC INOCENCIO LEOCADIO DA ROSA;-15.56018000;-56.08305000;infantil;municipal;ativa;geral;nao;RUA F, S/N RESIDENCIAL PAIAGUAS. 78048-250 Cuiabá - MT.
51094835;CEIC JAMIL BOUTROS NADAF;-15.61634000;-55.99093000;infantil;municipal;ativa;geral;nao;RUA PAULISTA, 125 SANTA LAURA. 78091-150 Cuiabá - MT.
51211807;CEIC JOAO BATISTA SCALABRINI;-15.57215560;-56.05042190;infantil;municipal;ativa;geral;nao;RUA SAO JOSE DA SERRA, 6 Q 12. TANCREDO NEVES. 78053-648 Cuiabá - MT.
51070294;CEIC JOSE GABRIEL DA COSTA;-15.64806952;-56.06163173;infantil;municipal;ativa;geral;nao;AVENIDA CAMBORIU, 102 QUADRA 32. PARQUE GEORGIA. 78085-400 Cuiabá - MT.
51063182;CEIC JOSE LUIZ BORGES GARCIA;-15.58333333;-56.03514000;infantil;municipal;ativa;geral;nao;RUA MIRADOR, S/N PLANALTO. 78058-787 Cuiabá - MT.
51063190;CEIC JOSE NICOLAU PINTO;-15.60802000;-56.10781000;infantil;municipal;ativa;geral;nao;RUA BARAO DE MELGACO, 1816 PORTO. 78085-000 Cuiabá - MT.
51093928;CEIC JOSEFA CATARINA DE ALMEIDA;-15.61844000;-56.08282000;infantil;municipal;ativa;geral;nao;RUA PROFESSORA MARIA MULLER, 51 CAMPO VELHO. 78065-270 Cuiabá - MT.
51113805;CEIC LAIS AMICUCCI SOARES MARTINS;-15.61613844;-56.00822974;infantil;municipal;ativa;geral;nao;R. DOIS, SN QUADRA 05. JARDIM NOVO MILENIO. 78093-718 Cuiabá - MT.
51089700;CEIC LELITA LINO DA SILVA;-15.64745993;-56.04609872;infantil;municipal;ativa;geral;nao;R. 19, QD. 21 COHAB SAO GONCALO. 78090-822 Cuiabá - MT.
51063085;CEIC LUCILA FERREIRA FORTES;-15.60231332;-56.08321681;infantil;municipal;ativa;geral;nao;DESEMBARGADOR ANTONIO QUIRINO DE ARAUJO, 457 AREAO. 78010-318 Cuiabá - MT.
51093952;CEIC MACARIA MILITONA DE SANTANA;-15.58208000;-56.11547000;infantil;municipal;ativa;geral;nao;R. PERU, SN RIB. DA PONTE. 78040-550 Cuiabá - MT.
51063174;CEIC MANOELINO DE JESUS;-15.63887833;-55.97998667;infantil;municipal;ativa;geral;nao;AVENIDA BRASIL, SN PASCOAL RAMOS. 78098-015 Cuiabá - MT.
51166828;CEIC MARECHAL RONDON;-15.64731000;-55.99267000;infantil;municipal;ativa;geral;nao;RUA A, 7 RESIDENCIAL MARECHAL RONDON. 78098-275 Cuiabá - MT.
51089653;CEIC MARIA BENEDITA MARTINS DE OLIVEIRA;-15.61356441;-56.12454991;infantil;municipal;ativa;geral;nao;RUA PROF. ALMIRA DE MENDONCA, SN CIDADE ALTA. 78030-450 Cuiabá - MT.
51091208;CEIC MARIA FIGUEIREDO NUNES;-15.56605000;-56.11686500;infantil;municipal;ativa;geral;nao;RUA FREI QUERINO, 225 NOVO COLORADO. 78042-580 Cuiabá - MT.
51089750;CEIC MARIA LIGIA BORGES GARCIA;-15.53693796;-56.07574266;infantil;municipal;ativa;geral;nao;RUA VINTE E NOVE, 00 JD.VITORIA. 78055-786 Cuiabá - MT.
51091186;CEIC MARIA NERY BATISTA RIBEIRO;-15.60830670;-55.99439500;infantil;municipal;ativa;geral;nao;RUA UM, SN OSMAR CABRAL. 78093-680 Cuiabá - MT.
51089696;CEIC MARIANA FERNANDES MACEDO;-15.61371000;-56.09803000;infantil;municipal;ativa;geral;nao;AVENIDA CARMINDO DE CAMPOS, LADO PAR. TERCEIRO. 78015-020 Cuiabá - MT.
51094827;CEIC MARIUZA DO CARMO OJEDA DE BARROS;-15.63096000;-56.00891000;infantil;municipal;ativa;geral;nao;AV RADIALISTA EDSON LUIS DA SILVA, 1588 SETOR III. TIJUCAL. 78088-000 Cuiabá - MT.
51063204;CEIC NAIDES RODRIGUES RIBEIRO DA CRUZ;-15.56973000;-56.04610000;infantil;municipal;ativa;geral;nao;RUA 52 QUADRA 36, S/N MORADA DA SERRA. 78058-424 Cuiabá - MT.
51070677;CEIC NASLA JOAQUIM ASCHAR;-15.55252273;-56.05651393;infantil;municipal;ativa;geral;nao;AVENIDA HISTORIADOR RUBENS DE MENDONCA, 5885 MORADA DA SERRA. 78055-000 Cuiabá - MT.
51091216;CEIC PADRE ARMANDO CAVALLO;-15.54907181;-56.03232700;infantil;municipal;ativa;geral;nao;AVENIDA MARIA AUXILIADORA GRISSOLIA MENDES, PRIMEIRO DE MARCO. 78058-645 Cuiabá - MT.
51070308;CEIC PROFA MONSERAT ISMENIA DE MORAES BORGES;-15.59779579;-56.07458389;infantil;municipal;ativa;geral;nao;RUA SETE DE JANEIRO, SN PEDREGAL. 78060-094 Cuiabá - MT.
51063220;CEIC PROFESSOR AECIM TOCANTINS;-15.66535668;-56.05855543;infantil;municipal;ativa;geral;nao;RUA S, Q. 61, S/N PARQUE ATALAIA. 78095-190 Cuiabá - MT.
51088576;CEIC PROFESSOR RAFAEL RUEDA;-15.63051000;-55.95864000;infantil;municipal;ativa;geral;nao;RUA CARUARU, SN PEDRA 90. 78099-000 Cuiabá - MT.
51093030;CEIC PROFESSORA LUCIENE FERREIRA DE OLIVEIRA;-15.55031334;-56.02552692;infantil;municipal;ativa;geral;nao;RUA TRES, SN JARDIM UMUARAMA II. 78058-597 Cuiabá - MT.
51094908;CEIC RENISEA GUILHERMETT BARUA;-15.56517000;-56.09533000;infantil;municipal;ativa;geral;nao;RUA C QUADRA 05, LOT JD VL REAL. DESPRAIADO. 78048-720 Cuiabá - MT.
51063212;CEIC RISOLETA NEVES;-15.57581000;-56.03496000;infantil;municipal;ativa;geral;nao;GOVERNADOR DANTE MARTINS DE OLIVEIRA, S/N JARDIM NOVO HORIZONTE. 78058-688 Cuiabá - MT.
51070049;CEIC ROSANGELA CAMPOS;-15.59768430;-56.06729327;infantil;municipal;ativa;geral;nao;RUA OITO DE MAIO, 123 SANTO ANTONIO DO PEDREGAL. 78060-532 Cuiabá - MT.
51063158;CEIC SANTA CLARA;-15.60048207;-56.07296605;infantil;municipal;ativa;geral;nao;RUA NOVA, 375 JARDIM LEBLON. 78060-011 Cuiabá - MT.
51063611;CEIC SANTA INES;-15.57112130;-56.03576730;infantil;municipal;ativa;geral;nao;RUA VINTE E QUATRO, SN SETOR 5. MORADA DA SERRA III. 78058-368 Cuiabá - MT.
51063093;CEIC SANTA INES POCAO;-15.60894000;-56.08727000;infantil;municipal;ativa;geral;nao;AVENIDA GENERAL MELLO, 1045 POCAOO. 78015-300 Cuiabá - MT.
51088452;CEIC SAO BENEDITO;-15.63343000;-55.98453000;infantil;municipal;ativa;geral;nao;AVENIDA TANCREDO NEVES, SN SAO SEBASTIAO. 78098-235 Cuiabá - MT.
51066890;CEIC SAO FRANCISCO DE ASSIS;-15.63187000;-56.07636000;infantil;municipal;ativa;geral;nao;RUA PACAEMBU, 158 PRAEIRINHO. 78070-540 Cuiabá - MT.
51063166;CEIC SAO JOSE OPERARIO;-15.61750000;-56.09065000;infantil;municipal;ativa;geral;nao;RUA PRESIDENTE LEITE FIGUEIREDO, S/N DOM AQUINO. 78015-025 Cuiabá - MT.
51066882;CEIC SAO MATHEUS;-15.62101000;-56.09154000;infantil;municipal;ativa;geral;nao;RUA SAO JORGE, SN SAO MATEUS. 78015-828 Cuiabá - MT.
51093936;CEIC SEBASTIAO TOLOMEU;-15.59895000;-56.13219000;infantil;municipal;ativa;geral;nao;R CLARA NUNES, 200 SANTA ISABEL. 78035-120 Cuiabá - MT.
51063123;CEIC SILVA FREIRE;-15.63543000;-56.04805000;infantil;municipal;ativa;geral;nao;RODOVIA PALMIRO PAES DE BARROS, S/N LADO PAR. VISTA ALEGRE. 78085-702 Cuiabá - MT.
51088444;CEIC TERTULIANA MARIA DE ARRUDA SOUZA - MAE NHARA;-15.57644153;-56.08413538;infantil;municipal;ativa;geral;nao;PIAUI, 1041 JARDIM ALVORADA. 78043-415 Cuiabá - MT.
51063140;CEIC WILMON FERREIRA DE SOUZA;-15.55709000;-56.02577000;infantil;municipal;ativa;geral;nao;RUA TREZE, 220 QUADRA 23. TRES BARRAS. 78058-549 Cuiabá - MT.
51036550;CEJA PROFESSOR ANTONIO CESARIO DE FIGUEIREDO NETO;-15.60191250;-56.09390390;;estadual;extinta;geral;nao;TRAVESSA FRANCISCO DE SIQUEIRA, 83 BANDEIRANTES. 78010-010 Cuiabá - MT.
51111802;CEJAJOSE DE MESQUITA;-15.61455000;-56.11599000;;estadual;extinta;geral;nao;RUA LADARIO, 233 PORTO. 78025-508 Cuiabá - MT.
51036703;CEJAVERA PEREIRA DO NASCIMENTO;-15.62499000;-56.08005000;;estadual;extinta;geral;nao;RUA RIO MANSO, SN GRANDE TERCEIRO. 78065-650 Cuiabá - MT.
51039010;CEMA - CENTRO EDUCACIONAL MARIA AUXILIADORA;-15.60295490;-56.09627400;infantil|fundamental_i|fundamental_ii;privada;ativa;geral;nao;AVENIDA DOM AQUINO, 449 DOM AQUINO. 78015-200 Cuiabá - MT.
51093707;CENTRO DE EDUCACAO INFANTIL PADRE JOSE TEN CATE;-15.54504667;-56.05740167;infantil;privada;ativa;geral;sim;RUA CLOVIS POMPEU DE BARROS, S/N NOVO PARAISO II. 78005-000 Cuiabá - MT.
51065045;CENTRO DE EDUCACAO INFANTIL ROSA MUTRAN MALUF;-15.54440000;-56.07406000;infantil;privada;ativa;geral;sim;RUA 22 DE NOVEMBRO, SN JARDIM UNIAO. 78055-855 Cuiabá - MT.
51171813;CENTRO DE ENSINO MARANATA;-15.63281960;-56.01476580;infantil|fundamental_i|fundamental_ii;privada;ativa;geral;nao;RUA DUZENTOS E DEZ, 28 SETOR II. TIJUCAL. 78088-170 Cuiabá - MT.
51065037;CENTRO EDUCACIONAL EDIFICANDO O FUTURO LTDA;-15.66002900;-56.04663660;infantil|fundamental_i;privada;ativa;geral;nao;RUA D-4, 05 QD 74. PARQUE CUIABA. 78095-292 Cuiabá - MT.
51204800;CENTRO EDUCACIONAL TRES IRMAS;-15.63533000;-55.95417000;infantil|fundamental_i|fundamental_ii;privada;ativa;geral;nao;RUA VINTE E TRES, 16 QUADRA 125. PEDRA 90. 78099-115 Cuiabá - MT.
51054655;CENTRO PEDAGOGICO DE APRENDIZAGEM-CENPA;-15.55662810;-56.04081460;fundamental_i|fundamental_ii;privada;ativa;geral;nao;RUA PROFESSORA ALICE FREIRE SILVA, 26 CPA IV 5º ETAPA. 78055-534 Cuiabá - MT.
51087553;CENTRO PEDAGOGICO DE ENSINO ESPECIAL REGINA MARIA DA SILVA MARQUES - CENPER;-15.60909000;-56.08906000;fundamental_i;privada;ativa;exclusivo_deficiencia;sim;RUA FENELON MULLER, 897 DOM AQUINO. 78015-090 Cuiabá - MT.
51127806;CETEM - CENTRO DE ENSINO TECNICO MATOGROSSENSE;-15.59932000;-56.09557000;;privada;ativa;geral;nao;RUA ANTONIO JOAO, 210 CENTRO NORTE. 78005-410 Cuiabá - MT.
51067420;CETEPS - CENTRO DE TECNOLOGIA E DE EDUCACAO PROFISSIONAL;-15.61485804;-56.05922329;;privada;ativa;geral;nao;RUA NOVE, 257 BOA ESPERANCA. 78068-410 Cuiabá - MT.
51093839;CLUBE DE MAES RAIO DE SOL E CRECHE COMUNITARIA TIA ANTONINA;-15.55587191;-56.05343008;infantil;privada;ativa;geral;sim;RUA ALENQUER, S/Nº CPA I. 78055-010 Cuiabá - MT.
51068753;CMEI ANTONIO BATISTA CRUZ;-15.63663960;-55.98760970;infantil;municipal;ativa;geral;nao;R F, S/N RES. AVELINO LIMA. SAO SEBASTIAO. 78098-259 Cuiabá - MT.
51067285;CMEI ANTONIO MARCOS RUZZENE BALBINO;-15.56001992;-56.07708653;infantil;municipal;ativa;geral;nao;RUA E, SN RESIDENCIAL PAIAGUAS. 78048-248 Cuiabá - MT.
51066866;CMEI AURO IDA;-15.64143000;-56.00712000;infantil;municipal;ativa;geral;nao;RUA E, SN JARDIM PASSAREDO. 78088-805 Cuiabá - MT.
51066904;CMEI CORONEL JOSE MEIRELLES;-15.60248490;-56.08420140;infantil;municipal;ativa;geral;nao;R. MARACANA, SN JARDIM GUANABARA. 78010-680 Cuiabá - MT.
51065550;CMEI DR LEONEL DE MOURA BRIZOLA;-15.61487000;-55.99069000;infantil;municipal;ativa;geral;nao;AVENIDA UM, 00 LIBERDADE. 78091-247 Cuiabá - MT.
51069458;CMEI EDGAR SANTANA DE AMORIM;-15.63912000;-55.99724000;infantil;municipal;ativa;geral;nao;RUA COREIA, SN RESIDENCIAL RECANTO DO SOL. 78089-085 Cuiabá - MT.
51068109;CMEI ENGENHEIRO OSCAR AMELITO;-15.67219097;-56.03743880;infantil;municipal;ativa;geral;nao;RUA DAS PALMEIRAS, SN REAL PARQUE. 78095-598 Cuiabá - MT.
51068133;CMEI GOVERNADOR JOSE GARCIA NETO;-15.62946000;-55.98810000;infantil;municipal;ativa;geral;nao;RUA DEZOITO, S/N LOTEAMENTO SALVADOR COSTA MARQUES. 78091-352 Cuiabá - MT.
51068745;CMEI JORNALISTA MARCOS COUTINHO;-15.65552849;-55.97714054;infantil;municipal;ativa;geral;nao;RUA DOIS, S/N NOVA ESPERANCA II. 78099-485 Cuiabá - MT.
51068117;CMEI JORNALISTA PAULO MARIA FERREIRA LEITE;-15.54169000;-56.06724000;infantil;municipal;ativa;geral;nao;AV PADRE JOSE TEN CATE, S/N JARDIM VITORIA. 78055-732 Cuiabá - MT.
51068095;CMEI MANOEL DE BARROS;-15.60893000;-56.02465000;infantil;municipal;ativa;geral;nao;R. MIL E SEISCENTOS, S/N JARDIM IMPERIAL. 78075-790 Cuiabá - MT.
51068079;CMEI MARIA CONCEICAO OLIVEIRA DE SOUZA;-15.56000000;-56.02997000;infantil;municipal;ativa;geral;nao;RUA CENTO E CINQUENTA E TRES, S/N CPA IV. 78058-226 Cuiabá - MT.
51067404;CMEI NEVIO LOTUFO;-15.56280000;-56.06002000;infantil;municipal;ativa;geral;nao;R. NOVE, SN CENTRO AMERICA. 78058-332 Cuiabá - MT.
51068087;CMEI PAULO RONAN FERRAZ SANTOS;-15.53682000;-56.03303000;infantil;municipal;ativa;geral;nao;RUA I, S/N RESIDENCIAL ILZA THE. ILZA TEREZINHA PICOLI PAGOT. 78056-716 Cuiabá - MT.
51068060;CMEI PREFEITO DANTE MARTINS DE OLIVEIRA;-15.55783354;-56.02524195;infantil;municipal;ativa;geral;nao;RUA VINTE E NOVE, S/N TRES BARRAS. 78058-567 Cuiabá - MT.
51066874;CMEI PROFA ADY DE FIGUEIREDO MATTOS;-15.63470334;-55.94758216;infantil;municipal;ativa;geral;nao;R. TRINTA E CINCO, SN PEDRA 90. 78099-175 Cuiabá - MT.
51068125;CMEI PROFA ALIANE FATIMA RODRIGUES;-15.64805000;-55.99671000;infantil;municipal;ativa;geral;nao;RUA G, RESIDENCIAL ALICE NOVACK, S/N PASCOAL RAMOS. 78098-184 Cuiabá - MT.
51067293;CMEI PROFA JAIRA CUIABANO CORREA DA COSTA;-15.63340000;-55.94185000;infantil;municipal;ativa;geral;nao;RUA CINQUENTA E SETE, 7 217. PEDRA 90. 78099-285 Cuiabá - MT.
51068800;CMEI PROFA MARILIA INES PEDROLLO SALOMONI;-15.66298434;-56.03616789;infantil;municipal;ativa;geral;nao;AV B RES S TEREZINHA 2A ETAPA, S/N RESIDENCIAL COXIPO. 78089-806 Cuiabá - MT.
51068818;CMEI REGINA PIA PADILLA DE BORBON NEVES;-15.57890990;-56.02417780;infantil;municipal;ativa;geral;nao;RUA PRINCESA DIANA, ALTOS DA SERRA I. 78052-314 Cuiabá - MT.
51070707;CMEI SERGIO LUIZ FERREIRA DA SILVA;-15.54074130;-56.04167731;infantil;municipal;ativa;geral;nao;RUA TRES, SN LOTEAMENTO JARDIM DAS AROEIRAS. 78056-406 Cuiabá - MT.
51068761;CMEI VEREADOR JULIO CESAR PINHEIRO;-15.60675239;-55.98434687;infantil;municipal;ativa;geral;nao;RUA 31, S/N RESIDENCIAL FRANCISCA. 78093-680 Cuiabá - MT.
51068982;COLEGIO A ARCA;-15.58358850;-56.07662670;infantil|fundamental_i;privada;ativa;geral;nao;AVENIDA SENEGAL, 430 ANTIGA AVENIDA F. JARDIM ACLIMACAO. 78050-274 Cuiabá - MT.
51103001;COLEGIO ADVENTISTA CPA II;-15.55951040;-56.04479200;infantil|fundamental_i|fundamental_ii;privada;ativa;geral;nao;RUA CEARA, 292 CPA II. 78055-558 Cuiabá - MT.
51154803;COLEGIO ALICERCE;-15.61923000;-56.07362000;infantil|fundamental_i|fundamental_ii;privada;ativa;geral;nao;RUA AMANCIO PEDROSO DE JESUS NETO, 95 JARDIM PETROPOLIS. 78070-040 Cuiabá - MT.
51067528;COLEGIO AME MAIS;-15.60720000;-56.05662000;infantil|fundamental_i|fundamental_ii;privada;ativa;geral;nao;RUA VINTE, 509 BOA ESPERANCA. 78068-635 Cuiabá - MT.
51039036;COLEGIO CORACAO DE JESUS;-15.60064070;-56.10322700;infantil|fundamental_i|fundamental_ii;privada;ativa;geral;nao;RUA COMANDANTE COSTA, 1424 CENTRO SUL. 78020-400 Cuiabá - MT.
51064910;COLEGIO E CURSO MASTER;-15.60143000;-56.08588000;fundamental_ii;privada;ativa;geral;nao;AVENIDA FERNANDO CORREA DA COSTA, 255 AREAO. 78010-400 Cuiabá - MT.
51091321;COLEGIO FATO;-15.62896249;-56.05609002;fundamental_ii;privada;ativa;geral;nao;RUA UM, 107 JARDIM ALENCASTRO. 78085-008 Cuiabá - MT.
51067439;COLEGIO FATO - CENTRO;-15.59396000;-56.09271000;fundamental_ii;privada;ativa;geral;nao;RUA VILA MARIA, 99 CENTRO. BAU. 78008-060 Cuiabá - MT.
51036169;COLEGIO IBERO AMERICANO;-15.61571000;-56.11068000;infantil|fundamental_i|fundamental_ii;privada;ativa;geral;nao;AVENIDA MANOEL JOSE DE ARRUDA - Nº 1001 AV. BEIRA RIO, 1001 PORTO. 78025-190 Cuiabá - MT.
51036185;COLEGIO ISAAC NEWTON - CIN - MATUTINO E VESPERTINO;-15.59299000;-56.08884000;infantil|fundamental_i|fundamental_ii;privada;ativa;geral;nao;RUA PEDRO DE OLIVEIRA GUIMARAES, 50 BAU. 78008-160 Cuiabá - MT.
51064677;COLEGIO ISAAC NEWTON - CIN INTEGRAL ITA MEDICINA;-15.59175000;-56.08909000;fundamental_i|fundamental_ii;privada;ativa;geral;nao;RUA PEDRO DE OLIVEIRA GUIMARAES, 50 BAU. 78008-160 Cuiabá - MT.
51066360;COLEGIO LAPIS DE COR;-15.59847380;-56.08660530;infantil|fundamental_i;privada;ativa;geral;nao;RUA ANTONIO BATISTA BELEM, 16 LIXEIRA. 78008-465 Cuiabá - MT.
51036207;COLEGIO MASTER - UNIDADE BOA ESPERANCA;-15.61200000;-56.06427000;infantil|fundamental_i|fundamental_ii;privada;ativa;geral;nao;RUA 03 ESQUINA COM RUA QUARENTA, SEM NUMERO BOA ESPERANCA. 78068-536 Cuiabá - MT.
51094061;COLEGIO MAXI;-15.58950210;-56.10454450;fundamental_ii;privada;ativa;geral;nao;RUA ESTEVAO DE MENDONCA, 1000 QUILOMBO. 78043-405 Cuiabá - MT.
51209802;COLEGIO MONTEIRO LOBATO;-15.55345000;-56.05215000;infantil|fundamental_i;privada;ativa;geral;nao;RUA ITAPEAIRU MIRIM, 20 QD 16. CPA I. 78055-230 Cuiabá - MT.
51036215;COLEGIO NOTRE DAME DE LOURDES;-15.60967000;-56.12522000;infantil|fundamental_i|fundamental_ii;privada;ativa;geral;nao;AVENIDA JORNALISTA ALVES DE OLIVEIRA, 463 CIDADE ALTA. 78030-445 Cuiabá - MT.
51110032;COLEGIO PORTAL;-15.60683167;-56.05861333;infantil|fundamental_i|fundamental_ii;privada;ativa;geral;nao;RUA ALESSANDRIA, 05 JARDIM ITALIA. 78060-820 Cuiabá - MT.
51096005;COLEGIO PRUDENTE CAMPOS LTDA;-15.66017000;-56.04314000;infantil|fundamental_i|fundamental_ii;privada;ativa;geral;nao;RUA F-5, 09 QUADRA 09. PARQUE CUIABA. 78095-339 Cuiabá - MT.
51039877;COLEGIO SALESIANO SAO GONCALO - ESCOLA DE EDUCACAO BASICA;-15.60449958;-56.09852964;infantil|fundamental_i|fundamental_ii;privada;ativa;geral;nao;AVENIDA DOM BOSCO, 605 DOM AQUINO. 78015-180 Cuiabá - MT.
51064529;COLEGIO VILA REAL LTDA - ME;-15.56041990;-56.09045270;fundamental_i|fundamental_ii;privada;ativa;geral;nao;ROD. ARQ. HELDER CANDIA, BLOCO B, 101 JD. UBIRAJARA. 78049-508 Cuiabá - MT.
51064669;COLEGIO WALDORF BRASILIS;-15.58425283;-56.07095733;infantil|fundamental_i|fundamental_ii;privada;ativa;geral;nao;RUA UM, 12 QUADRA 33. DOM BOSCO. 78050-410 Cuiabá - MT.
51058723;CR EST ENS FUND NASLA JOAQUIM ASCHAR;-15.55245640;-56.05658530;;estadual;extinta;geral;nao;AVHISTORIDOR RUBENS DE MENDONCA, 5885 CPA I. 78055-000 Cuiabá - MT.
51036312;CRECHE FALCAOZINHO;-15.60961000;-56.10868000;infantil;privada;ativa;geral;sim;RUA PROFESSOR FELICIANO GALDINO, 534 PORTO. 78025-100 Cuiabá - MT.
51093820;CRECHE FILANTROPICA BOA VONTADE;-15.63898000;-56.00837000;infantil;privada;ativa;geral;sim;RUA VINTE, S/N JARDIM PASSAREDO. 78088-842 Cuiabá - MT.
51093812;CRECHE MUN ILZA TEREZINHA PICCOLI PAGOT;-15.54044000;-56.04146000;;municipal;paralisada;geral;nao;RUA 03, SN QUADRA 03. JARDIM AROEIRA. 78058-547 Cuiabá - MT.
51093863;CRECHE MUN PROF JOAO CRISOSTOMO DE FIGUEIREDO;-15.56830752;-56.02517263;infantil;municipal;ativa;geral;nao;RUA BAKAIRI, 20 QDA 25. DOUTOR FABIO LEITE. 78052-015 Cuiabá - MT.
51093847;CRECHE VOZ DA VERDADE;-15.60864000;-56.13287000;infantil;privada;ativa;geral;sim;RUA TERESINA, 54 CIDADE VERDE. 78028-630 Cuiabá - MT.
51036398;EDUCACIONAL LUZES DA SABEDORIA LTDA;-15.59321000;-56.08678000;infantil|fundamental_i|fundamental_ii;privada;ativa;geral;nao;RUA PROFESSOR JOAO FELIX, 515 BAU. 78008-135 Cuiabá - MT.
51206811;EDUCANDARIO ESPACO DO SABER - UNIDADE 1;-15.58959810;-56.11275810;infantil|fundamental_i|fundamental_ii;privada;ativa;geral;nao;RUA GENERAL RABELLO, 387 DUQUE DE CAXIAS I. 78043-259 Cuiabá - MT.
51067587;EDUCANDARIO ESPIRITA MAE ZEFERINA;-15.64679049;-56.06326928;infantil|fundamental_i;privada;ativa;geral;nao;RUA CATALAO, 14 PARQUE GEORGIA. 78085-440 Cuiabá - MT.
51038641;EE ALCEBIADES CALHAO;-15.58602000;-56.10382000;fundamental_ii;estadual;ativa;geral;nao;AVENIDA FILINTO MULLER, 1300 QUILOMBO. 78043-409 Cuiabá - MT.
51036479;EE ALINA DO NASCIMENTO TOCANTINS;-15.61136000;-56.12075000;fundamental_i|fundamental_ii;estadual;ativa;geral;nao;AVENIDA IPIRANGA, 2560 CIDADE ALTA. 78030-500 Cuiabá - MT.
51036541;EE ANDRE AVELINO RIBEIRO;-15.55622850;-56.05232380;;estadual;ativa;geral;nao;AV DEPUTADO OSVALDO CANDIDO PEREIRA, 365 MORADA DA SERRA CPA I. 78055-210 Cuiabá - MT.
51037947;EE AUREOLINA EUSTACIA RIBEIRO;-15.61087700;-56.13201480;fundamental_ii;estadual;ativa;geral;nao;AV GENEROSO MALHEIROS PRACA CENTRAL, 305 CIDADE VERDE. 78028-685 Cuiabá - MT.
51038544;EE BARAO DE MELGACO;-15.59920160;-56.09272990;;estadual;paralisada;geral;nao;TRAVESSA FRANCISCO DE SIQUEIRA, 195 BANDEIRANTES. 78010-010 Cuiabá - MT.
51036746;EE CLEINIA ROSALINA SOUZA;-15.58584370;-56.03841750;fundamental_ii;estadual;ativa;geral;nao;RUA A QUADRA 15 ESQUINA 06, 247 RESIDENCIAL ITAMARATY. 78058-000 Cuiabá - MT.
51038447;EE DA POLICIA MILITAR TIRADENTES;-15.55139620;-56.05330910;fundamental_ii;estadual;ativa;geral;nao;AVENIDA GONCALO ANTUNES DE BARROS, SN CARUMBE. 78050-667 Cuiabá - MT.
51036576;EE DJALMA FERREIRA DE SOUZA;-15.57153740;-56.06451130;fundamental_ii;estadual;ativa;geral;nao;AV DJALMA FERREIRA DE SOUZA SN, SN MORADA DO OURO. 78053-000 Cuiabá - MT.
51036487;EE DOM FRANCISCO DE AQUINO CORREA;-15.62054000;-56.08841000;;estadual;extinta;geral;nao;RUA SAO PAULO, 204 JARDIM EUROPA. 78065-390 Cuiabá - MT.
51038552;EE DOM JOSE DO DESPRAIADO;-15.57523000;-56.09288000;;estadual;paralisada;geral;nao;RUA DUBLIN, 55 LOTEAMENTO RODOVIARIA PARQUE. 78048-060 Cuiabá - MT.
51039990;EE DR ESTEVAO ALVES CORREA;-15.63041200;-56.01426860;fundamental_ii;estadual;ativa;geral;nao;RUA 230 QUADRA 66 SETOR II, 51 TIJUCAL. 78088-260 Cuiabá - MT.
51037688;EE DR HELIO PALMA DE ARRUDA;-15.58272410;-56.04424940;fundamental_ii;estadual;ativa;geral;nao;AV DANTE MARTINS DE OLIVEIRA QUADRA 08, SN NOVO MATO GROSSO. 78058-751 Cuiabá - MT.
51040514;EE DR MARIO DE CASTRO;-15.62890000;-55.96016000;fundamental_ii;estadual;ativa;geral;nao;AV INTEGRACAO 3, 761 PEDRA 90. 78099-005 Cuiabá - MT.
51036584;EE FENELON MULLER;-15.56041000;-56.04761000;;estadual;extinta;geral;nao;RUA ACRE, 898 CPA II. 78055-518 Cuiabá - MT.
51040000;EE FRANCISCO FERREIRA MENDES;-15.61462630;-56.06306060;fundamental_ii;estadual;ativa;geral;nao;RUA DOUTOR AUREO LINO DA SILVA, 363 BOA ESPERANCA. 78068-545 Cuiabá - MT.
51036614;EE GALJOSE MACHADO NEVES DA COSTA;-15.61478000;-56.11672000;;estadual;paralisada;geral;nao;RUA LADARIO, 233 COHAB NOVA. 78025-508 Cuiabá - MT.
51038579;EE GUSTAVO KULMAN;-15.59838110;-56.10910040;fundamental_ii;estadual;ativa;geral;nao;RUA SETE, S/N QUADRA 13. JARDIM VITORIA. 78055-766 Cuiabá - MT.
51040301;EE HERMELINDA DE FIGUEIREDO;-15.63457339;-56.05825548;fundamental_ii;estadual;ativa;geral;nao;RUA LONDRINA, 37 COOPHEMA. 78085-225 Cuiabá - MT.
51040433;EE HISTORIADOR RUBENS DE MENDONCA;-15.64731000;-56.04493000;fundamental_ii;estadual;ativa;geral;nao;AVENIDA B, 77 COHAB SAO GONCALO. 78090-839 Cuiabá - MT.
51036622;EE JOAO BRIENNE DE CAMARGO;-15.59639209;-56.07913219;fundamental_ii;estadual;ativa;geral;nao;AVENIDA JOAO GOMES SOBRINHO, 1092 LIXEIRA. 78008-800 Cuiabá - MT.
51038722;EE JOAQUINA CERQUEIRA CALDAS;-15.60256252;-56.08859824;;estadual;paralisada;geral;nao;RUA PAPA JOAO XXIII, 811 POCAO. 78015-615 Cuiabá - MT.
51039192;EE JOSE BARNABE DE MESQUITA;-15.61311000;-56.11412000;fundamental_ii;estadual;ativa;geral;nao;RUA BARAO DE MELGACO, 945 PORTO. 78025-300 Cuiabá - MT.
51038587;EE JOSE MAGNO;-15.59066130;-56.11608320;;estadual;extinta;geral;nao;RUA DESEMBARGADOR JOSE BARROS DO VALE, 129 DUQUE DE CAXIAS II. 78043-292 Cuiabá - MT.
51067242;EE JUAREZ RODRIGUES DOS ANJOS;-15.61934060;-55.99249310;fundamental_ii;estadual;ativa;geral;nao;RUA PADRE AMADEU RUA DO COLEGIO, SN SANTA LAURA. 78091-138 Cuiabá - MT.
51039869;EE LICEU CUIABANO MARIA DE ARRUDA MULLER;-15.59287768;-56.10151140;;estadual;ativa;geral;nao;PRACA GENERAL MALLET, 150 QUILOMBO. 78045-250 Cuiabá - MT.
51036690;EE MARCELINA DE CAMPOS;-15.59233130;-56.13762180;fundamental_ii;estadual;ativa;geral;nao;RUA DEPUTADO, 441 R. DEP. CELSO MENDES. SANTA ISABEL. 78035-750 Cuiabá - MT.
51036681;EE MILITAR DOM PEDRO II PRESIDENTE MEDICI;-15.58939460;-56.09582990;fundamental_ii;estadual;ativa;geral;nao;AVENIDA MATO GROSSO, 564 ARAES. 78005-030 Cuiabá - MT.
51036649;EE NEWTON ALFREDO AGUIAR;-15.56862090;-56.04115710;;estadual;extinta;geral;nao;RUA SESSENTA E QUATRO ESQUINA COM ALAMEDA SEIS, SN CPA III SETOR IV. 78055-508 Cuiabá - MT.
51162814;EE NOVA CHANCE;-15.59897970;-56.09236170;;estadual;extinta;geral;nao;RUA DIOGO DOMINGOS FERREIRA, 311B BANDEIRANTES. 78010-090 Cuiabá - MT.
51036665;EE PADRE ERNESTO CAMILO BARRETO;-15.61756000;-56.08454000;fundamental_ii;estadual;ativa;geral;nao;RUA FORTALEZA, 35 JARDIM PAULISTA. 78065-350 Cuiabá - MT.
51094070;EE PADRE FIRMO PINTO DUARTE FILHO;-15.64733420;-55.99342810;fundamental_ii;estadual;ativa;geral;nao;RUA A RESIDENCIAL MARECHAL CANDIDO RONDON, 121 DISTRITO INDUSTRIAL. 78097-014 Cuiabá - MT.
51036673;EE PADRE JOAO PANAROTTO;-15.56314420;-56.03290140;fundamental_ii;estadual;ativa;geral;nao;RUA 64 QUADRA G CPA IV 2 ETAPA, 0 CPA IV 2 ETAPA. 78058-100 Cuiabá - MT.
51059673;EE PE WANIR DELFINO CESAR;-15.61549140;-56.13185020;fundamental_ii;estadual;ativa;geral;nao;PROFESSOR FLORIANO SIQUEIRA DE CARVALHO, 421 NOVO TERCEIRO. 78028-301 Cuiabá - MT.
51039982;EE PROF ALICE FONTES PINHEIRO;-15.63981050;-56.04693130;fundamental_ii;estadual;ativa;geral;nao;AVENIDA 01, SN PARQUE CUIABA. 78030-385 Cuiabá - MT.
51036738;EE PROF ANTONIO EPAMINONDAS;-15.59264000;-56.08449000;fundamental_ii;estadual;ativa;geral;nao;RUA PADRE REMETER, 355 LIXEIRA. 78008-150 Cuiabá - MT.
51038617;EE PROF BENEDITO DE CARVALHO;-15.55524150;-56.04408710;fundamental_ii;estadual;ativa;geral;nao;RUA A, 296 MORADA DO OURO SETOR NORTE. 78053-438 Cuiabá - MT.
51038757;EE PROF DIONE AUGUSTA SILVA SOUZA;-15.55909620;-56.04198210;;estadual;ativa;geral;nao;AVENIDA TUIUIU, 45 CPA IV. 78058-000 Cuiabá - MT.
51093103;EE PROF DIVA HUGUENEY DE SIQUEIRA BASTOS;-15.54123440;-56.04210130;fundamental_ii;estadual;ativa;geral;nao;AVENIDA SENADOR JONAS PINHEIRO, 687 JARDIM ARUEIRA. 78056-408 Cuiabá - MT.
51039974;EE PROF HELIODORO CAPISTRANO DA SILVA;-15.66047330;-56.04836670;fundamental_ii;estadual;ativa;geral;nao;RUA D4 QUADRA 130, 1 PARQUE CUIABA. 78095-292 Cuiabá - MT.
51036754;EE PROF NILO POVOAS;-15.59935400;-56.09269080;;estadual;paralisada;geral;nao;RUA DIOGO DOMINGOS FERREIRA, 311 BANDEIRANTES. 78010-090 Cuiabá - MT.
51040441;EE PROF PACIANA TORRES DE SANT ANA;-15.64654109;-56.03282425;fundamental_ii;estadual;ativa;geral;nao;AVENIDA PRINCIPAL, 585 RESIDENCIAL COXIPO. 78090-274 Cuiabá - MT.
51058715;EE PROF RAFAEL RUEDA;-15.63100282;-55.95806812;fundamental_ii;estadual;ativa;geral;nao;RUA CARUARU, 101 PEDRA 90. 78098-970 Cuiabá - MT.
51036720;EE PROF ULISSES CUIABANO;-15.59541610;-56.11916970;fundamental_ii;estadual;ativa;geral;nao;RUA DOS MIOSOTIS, 555 JARDIM CUIABA. 78043-116 Cuiabá - MT.
51040050;EE PROF ZELIA COSTA DE ALMEIDA;-15.64649450;-56.02776930;fundamental_ii;estadual;ativa;geral;nao;AVENIDA F, 273 JARDIM PRESIDENTE 2. 78090-320 Cuiabá - MT.
51040522;EE PROFESSOR AGENOR FERREIRA LEAO;-15.62484667;-56.00860167;fundamental_ii;estadual;ativa;geral;nao;RUA 314 QUADRA 102 SETOR III, 94 TIJUCAL. 78088-390 Cuiabá - MT.
51040042;EE PROFESSOR WELSON MESQUITA DE OLIVEIRA;-15.64074000;-55.98156000;fundamental_ii;estadual;ativa;geral;nao;RUA FRANCISCO DE JESUS, 430 PASCOAL RAMOS. 78098-100 Cuiabá - MT.
51038595;EE PROFESSORA ANA MARIA DO COUTO;-15.55906000;-56.04844000;fundamental_ii;estadual;ativa;geral;nao;AV BRASIL, 905 CPA II. 78055-508 Cuiabá - MT.
51038633;EE PROFESSORA MARIA HERMINIA ALVES;-15.55625820;-56.03696882;fundamental_ii;estadual;ativa;geral;nao;RUA 101 QUADRA 89, 1 CPA IV. 78058-150 Cuiabá - MT.
51040280;EE PROFESSORA MARIANA LUIZA MOREIRA;-15.63231050;-56.00817480;fundamental_ii;estadual;ativa;geral;nao;AVENIDA SECUNDARIA III, 644 TIJUCAL. 78088-620 Cuiabá - MT.
51040069;EE RAIMUNDO PINHEIRO DA SILVA;-15.62321000;-56.06300000;;estadual;ativa;geral;nao;AV FERNANDO CORREA DA COSTA, 3610 SHANGRILA. 78070-200 Cuiabá - MT.
51038005;EE RAIO DE SOL;-15.62470340;-56.07990190;fundamental_i|fundamental_ii;estadual;ativa;exclusivo_deficiencia;nao;RUA RIO MANSO, SN GRANDE TERCEIRO. 78065-705 Cuiabá - MT.
51036533;EE RODOLFO AUGUSTO TRECHAUD CURVO;-15.56196990;-56.08342720;fundamental_ii;estadual;ativa;geral;nao;RUA J QUADRA 09, 25 RESIDENCIAL PAIAGUAS. 78048-090 Cuiabá - MT.
51036762;EE SANTOS DUMONT;-15.61659830;-56.09114190;fundamental_ii;estadual;ativa;geral;nao;RUA PIMENTA BUENO, 534 DOM AQUINO. 78015-190 Cuiabá - MT.
51038625;EE SENADOR AZEREDO;-15.60920740;-56.10564620;fundamental_ii;estadual;ativa;geral;nao;AVENIDA SENADOR METELLO, 675 PORTO. 78020-600 Cuiabá - MT.
51040409;EE SOUZA BANDEIRA;-15.62166000;-56.06565000;fundamental_i|fundamental_ii;estadual;ativa;geral;nao;AV FERNANDO CORREA DA COSTA, 214 COXIPO DA PONTE. 78070-210 Cuiabá - MT.
51036770;EE TANCREDO DE ALMEIDA NEVES;-15.59990000;-56.07473000;fundamental_ii;estadual;ativa;geral;nao;RUA MILITAR, 185 JARDIM LEBLON. 78060-000 Cuiabá - MT.
51036797;EMEB 12 DE OUTUBRO;-15.58544029;-56.03476691;infantil|fundamental_i;municipal;ativa;geral;nao;RUA G, 132 ITAMARATI. 78058-535 Cuiabá - MT.
51039052;EMEB 8 DE ABRIL LISALDO FARIAS SODRE;-15.58271458;-56.05383620;infantil|fundamental_i;municipal;ativa;geral;nao;AVENIDA GONCALO ANTUNES DE BARROS, 2859 BELA VISTA. 78050-600 Cuiabá - MT.
51036800;EMEB ADELINA PEREIRA VENTURA;-15.60398000;-56.11424000;infantil;municipal;ativa;geral;nao;RUA PADRE ROLIM, S/N CIDADE ALTA. 78031-045 Cuiabá - MT.
51038498;EMEB AGOSTINHO S DE FIGUEIREDO;-15.60725150;-56.08607550;infantil|fundamental_i;municipal;ativa;geral;nao;AVENIDA AMARILIO DE ALMEIDA, 828 POCAO. 78015-800 Cuiabá - MT.
51040468;EMEB ANA LUIZA PRADO BASTOS;-15.61222000;-55.99615000;infantil;municipal;ativa;geral;nao;AVENIDA CARLOS ADDOR DE SOUZA, S/N QUADRA 12. OSMAR CABRAL. 78093-680 Cuiabá - MT.
51058812;EMEB ANA TERESA ARCOS KRAUSE;-15.64523789;-55.97604143;infantil|fundamental_i;municipal;ativa;geral;nao;RUA TREZE, S/N QUADRA 19. JD. INDUSTRIARIO II. 78098-644 Cuiabá - MT.
51036835;EMEB ANTONIA TITA MACIEL DE CAMPOS;-15.54721000;-56.07981000;infantil|fundamental_i;municipal;ativa;geral;nao;RUA SETE, 48 JARDIM FLORIANOPOLIS. 78055-812 Cuiabá - MT.
51038820;EMEB ANTONIO FERREIRA VALENTIM;-15.62233000;-56.07768000;infantil|fundamental_i;municipal;ativa;geral;nao;RUA ANTONIO FERREIRA VALENTIM, 49 BARBADO. 78065-781 Cuiabá - MT.
51036851;EMEB ARISTOTELINO ALVES PRAEIRO;-15.54518486;-56.03229051;fundamental_i;municipal;ativa;geral;nao;R PROJETADA, S/N JARDIM PRIMEIRO DE MARCO. 78058-639 Cuiabá - MT.
51039621;EMEB AUGUSTO MARIO VIEIRA;-15.58542000;-56.06186000;infantil;municipal;ativa;geral;nao;RUA DOUTOR ANTONIO MACIEL EPAMINONDAS, 991 QUADRA 23. CAMPO VERDE. 78050-710 Cuiabá - MT.
51036894;EMEB CEL OCTAYDE JORGE DA SILVA;-15.56153780;-56.04889270;infantil|fundamental_i;municipal;ativa;geral;nao;RUA JUARA, SN QD 15 LOTE 01. TANCREDO NEVES. 78058-310 Cuiabá - MT.
51060230;EMEB CELINA FIALHO BEZERRA;-15.57905000;-56.02377000;infantil|fundamental_i;municipal;ativa;geral;nao;RUA PRINCESA DAIANA, S/N ALTOS DA SERRA. 78052-314 Cuiabá - MT.
51067803;EMEB CLOVIS HUGUENEY NETO;-15.68421000;-56.03529000;infantil|fundamental_i;municipal;ativa;geral;nao;AVENIDA A, SN RESIDENCIAL ALTOS DO PARQUE I. 78096-385 Cuiabá - MT.
51036908;EMEB CONSTANCA FIGUEIREDO PALMA BEM BEM;-15.61296000;-55.99344000;fundamental_i;municipal;ativa;geral;nao;AV. 1, S/N JARDIM FORTALEZA. 78093-718 Cuiabá - MT.
51036916;EMEB DEJANI RIBEIRO CAMPOS;-15.54115061;-56.06538030;infantil|fundamental_i;municipal;ativa;geral;nao;RUA SETE, SN QUADRA 13. JARDIM VITORIA. 78055-766 Cuiabá - MT.
51058766;EMEB DEP ULISSES SILVEIRA GUIMARAES;-15.55048833;-56.05065333;fundamental_i;municipal;ativa;geral;nao;RUA SETE DE SETEMBRO, S/N LOT OURO FINO. MORADA DA SERRA OURO FINO. 78055-710 Cuiabá - MT.
51060221;EMEB DOM BOSCO DO PRAEIRINHO;-15.63214820;-56.07622080;infantil|fundamental_i;municipal;ativa;geral;nao;RUA PACAEMBU, 15 PRAEIRINHO. 78070-550 Cuiabá - MT.
51088487;EMEB DR FABIO FIRMINO LEITE;-15.56536000;-56.01828000;fundamental_i;municipal;ativa;geral;nao;RUA BAHIA, S/N QD. 58. DR. FABIO II. 78052-220 Cuiabá - MT.
51039320;EMEB DR ORLANDO NIGRO;-15.59886875;-56.07001988;infantil|fundamental_i;municipal;ativa;geral;nao;RUA MAMORE, 229 PEDREGAL. 78060-440 Cuiabá - MT.
51037238;EMEB ESMERALDA DE CAMPOS FONTES;-15.57895908;-56.11855429;infantil|fundamental_i;municipal;ativa;geral;nao;RUA BOLIVIA, 365 RIBEIRAO DA PONTE. 78040-450 Cuiabá - MT.
51040107;EMEB EUGENIA PEREIRA DE MELLO;-15.63534000;-56.04936333;infantil;municipal;ativa;geral;nao;RUA TREZE DE MAIO, 0 VISTA ALEGRE. 78085-750 Cuiabá - MT.
51040085;EMEB FLORIANO BOCHENEKI;-15.66545000;-56.05879833;infantil|fundamental_i;municipal;ativa;geral;nao;RUA S, 438 QUADRA 62. PARQUE ATALAIA. 78095-190 Cuiabá - MT.
51040131;EMEB FRANCISCO PEDROSO DA SILVA;-15.64114392;-56.01332780;infantil|fundamental_i;municipal;ativa;geral;nao;AVENIDA DAS FLORES, 306 SAO FRANCISCO. 78088-775 Cuiabá - MT.
51036991;EMEB GLAUCIA MARIA BORGES GARCIA;-15.56875000;-56.09708000;infantil|fundamental_i;municipal;ativa;geral;nao;RUA CLARINDO EPIFANIO DA SILVA, 2220 DESPRAIADO. 78048-004 Cuiabá - MT.
51037033;EMEB HENRIQUE DA SILVA PRADO;-15.60150710;-56.08372530;infantil|fundamental_i;municipal;ativa;geral;nao;RUA CASTRO ALVES, 400 AREAO. 78010-260 Cuiabá - MT.
51037050;EMEB IRMA MARIA BETTY DE SOUZA PIRES;-15.57857478;-56.03943304;infantil|fundamental_i;municipal;ativa;geral;nao;RUA ANDRADINA, 99 NOVO MATO GROSSO. 78058-737 Cuiabá - MT.
51065614;EMEB JEAN CARLOS PINHO SANTOS;-15.63442402;-55.95806116;infantil|fundamental_i;municipal;ativa;geral;nao;AVENIDA ALBERTO SANTOS DUMONT, 102 PEDRA 90. 78099-138 Cuiabá - MT.
51037076;EMEB JESCELINO JOSE REINERS;-15.58432000;-56.04154000;infantil|fundamental_i;municipal;ativa;geral;nao;RUA GOIAS, 441 NOVO HORIZONTE. 78058-681 Cuiabá - MT.
51040140;EMEB JESUS CRIANCA;-15.63998750;-55.97221320;infantil|fundamental_i;municipal;ativa;geral;nao;RUA ANA FRANCISCA PERES, NOVA ESPERANCA I. 78098-583 Cuiabá - MT.
51037084;EMEB JOSE LUIS BORGES GARCIA;-15.58536000;-56.06176000;fundamental_i;municipal;ativa;geral;nao;RUA PROFESSORA LORIVANDE NUNES CHAVES, 699 BELA VISTA. 78050-558 Cuiabá - MT.
51040158;EMEB JOSE TORQUATO DA SILVA;-15.65082000;-56.03513000;infantil|fundamental_i;municipal;ativa;geral;nao;RUA VINTE, S/N PARQUE RESIDENCIAL COXIPO. 78090-418 Cuiabá - MT.
51037106;EMEB JUAREZ SODRE FARIAS;-15.58426000;-56.08960000;infantil;municipal;ativa;geral;nao;RUA JOAO CARLOS PEREIRA LEITE, SN ARAES. 78005-570 Cuiabá - MT.
51089734;EMEB LIBERDADE;-15.60835000;-55.99535000;infantil|fundamental_i;municipal;ativa;geral;nao;RUA UM, OSMAR CABRAL. 78093-680 Cuiabá - MT.
51059215;EMEB MADRE MARTA CERUTTI;-15.58024482;-56.06272381;infantil|fundamental_i;municipal;ativa;geral;nao;AV VEREADOR JULIANO COSTA MARQUES, SN BELA VISTA. 78050-550 Cuiabá - MT.
51036886;EMEB MAL CANDIDO MARIANO DA SILVA RONDON;-15.57979000;-56.08156000;infantil|fundamental_i;municipal;ativa;geral;nao;RUA PIRATININGA, 101 ALVORADA. 78048-630 Cuiabá - MT.
51037157;EMEB MARIA DA GLORIA DE SOUZA;-15.59131000;-56.08120000;infantil|fundamental_i;municipal;ativa;geral;nao;AV BOSQUE DA SAUDE, 146 LIXEIRA. 78050-070 Cuiabá - MT.
51037165;EMEB MARIA ELAZIR CORREA DE FIGUEIREDO;-15.61433000;-56.00344000;infantil|fundamental_i;municipal;ativa;geral;nao;AVENIDA CARLOS ADDOR DE SOUZA, SN SAO JOAO DEL REI. 78093-000 Cuiabá - MT.
51037173;EMEB MARIA EUNICE DUARTE BARROS SANTA IZABEL;-15.59870000;-56.13294000;infantil;municipal;ativa;geral;nao;RUA DOUTOR CELSO MENDES QUINTELA, 356 JARDIM SANTA ISABEL. 78035-030 Cuiabá - MT.
51062887;EMEB MARIA LUCILA DA SILVA BARROS;-15.55936000;-56.09069000;infantil|fundamental_i;municipal;ativa;geral;nao;RUA PRINCIPAL, 90 JARDIM UBIRAJARA. 78048-100 Cuiabá - MT.
51037181;EMEB MARIA TOMICH MONTEIRO DA SILVA;-15.56149000;-56.11301000;infantil|fundamental_i;municipal;ativa;geral;nao;AVENIDA MARIO PALMA, 30 RIBEIRAO DO LIPA. 78048-145 Cuiabá - MT.
51040093;EMEB MAXIMIANO ARCANJO DA CRUZ;-15.61702016;-55.99034973;infantil|fundamental_i;municipal;ativa;geral;nao;RUA PAULISTA, SN QUADRA 15. SANTA LAURA. 78091-150 Cuiabá - MT.
51040166;EMEB MINISTRO MARCOS FREIRE;-15.62629000;-56.01554000;infantil|fundamental_i;municipal;ativa;geral;nao;RUA CARVALHOS DOURADOS, S/N JD DOS YPES. 78088-590 Cuiabá - MT.
51040174;EMEB MOACYR GRATIDIANO DORILEO;-15.63083000;-56.04431000;fundamental_i;municipal;ativa;geral;nao;RUA DOS PARDAIS, PARQUE OHARA. 78080-370 Cuiabá - MT.
51058782;EMEB NOSSA SENHORA APARECIDA;-15.56627000;-56.11679000;infantil|fundamental_i;municipal;ativa;geral;nao;RUA FREI QUIRINO, 222 NOVO COLORADO. 78042-580 Cuiabá - MT.
51088541;EMEB ORZINA DE AMORIM SOARES;-15.53860006;-56.06804679;infantil|fundamental_i;municipal;ativa;geral;nao;AVENIDA CORONEL JOSE ESTEVAO TORQUATO, S/N JD VITORIA. 78058-000 Cuiabá - MT.
51040182;EMEB OSMAR JOSE DO CARMO CABRAL;-15.61389653;-55.99505888;fundamental_i;municipal;ativa;geral;nao;RUA NOVE, 21 OSMAR CABRAL. 78093-590 Cuiabá - MT.
51058855;EMEB PADRE RAIMUNDO CONCEICAO POMBO MOREIRA DA CRUZ;-15.66891953;-56.04104801;infantil|fundamental_i;municipal;ativa;geral;nao;RUA T 05, 200 PARQUE CUIABA. 78095-467 Cuiabá - MT.
51037211;EMEB PRES TANCREDO DE ALMEIDA NEVES;-15.59690000;-56.13375000;;municipal;paralisada;geral;nao;RUA C, SN LOT JD ARACA. BARRA DO PARI. 78035-220 Cuiabá - MT.
51068141;EMEB PROF CARLOS ALBERTO REYES MALDONADO;-15.60932000;-56.02449000;infantil|fundamental_i;municipal;ativa;geral;nao;RUA MIL E SEISCENTOS, S/N JARDIM IMPERIAL. 78075-790 Cuiabá - MT.
51037262;EMEB PROF EZEQUIEL POMPEU RIBEIRO DE SIQUEIRA;-15.58556444;-56.09435451;fundamental_i;municipal;ativa;geral;nao;MANOEL LEOPOLDINO, 403 ARAES. 78005-550 Cuiabá - MT.
51036983;EMEB PROF FILOGONIO CORREA;-15.61864060;-56.08209850;infantil|fundamental_i;municipal;ativa;geral;nao;AVENIDA PRESIDENTE MEDICI, 557 CAMPO VELHO. 78065-250 Cuiabá - MT.
51037327;EMEB PROF FIRMO JOSE RODRIGUES;-15.55792000;-56.02545000;infantil|fundamental_i;municipal;ativa;geral;nao;RUA NOVE, SN TRES BARRAS. 78058-520 Cuiabá - MT.
51038811;EMEB PROF FRANCISVAL DE BRITO;-15.61874676;-56.12882747;fundamental_i;municipal;ativa;geral;nao;RUA JOAO PAULO DOS SANTOS, SN COOPHAMIL. 78028-165 Cuiabá - MT.
51037025;EMEB PROF HELIO SOUZA VIEIRA;-15.62998000;-56.07473000;fundamental_i;municipal;ativa;geral;nao;RUA PARANAPUA, 30 PRAEIRO. 78070-475 Cuiabá - MT.
51064111;EMEB PROF LENINE DE CAMPOS POVOAS;-15.54439525;-56.07523760;infantil|fundamental_i;municipal;ativa;geral;nao;RUA SALGADO FILHO, 321 JARDIM UNIAO. 78055-857 Cuiabá - MT.
51037343;EMEB PROF RANULPHO PAES DE BARROS;-15.59925000;-56.13365000;fundamental_i;municipal;ativa;geral;nao;RUA DEP. CELSO MENDES QUINTELA, S/N JARDIM SANTA ISABEL. 78035-030 Cuiabá - MT.
51171805;EMEB PROF ZEFERINO LEITE DE OLIVEIRA;-15.63600618;-55.94600726;fundamental_i;municipal;ativa;geral;nao;AVENIDA NEWTON RABELO DE CASTRO, SN PEDRA 90. 78099-005 Cuiabá - MT.
51037297;EMEB PROFA ALZIRA VALLADARES;-15.60150000;-56.11371000;fundamental_i;municipal;ativa;geral;nao;AVENIDA BRASIL, 803 JARDIM CUIABA. 78030-304 Cuiabá - MT.
51036940;EMEB PROFA ELZA LUIZA ESTEVES;-15.58303604;-56.07535919;fundamental_i;municipal;ativa;geral;nao;AVENIDA SENEGAL, CANJICA. 78050-274 Cuiabá - MT.
51058774;EMEB PROFA FRANCISCA FIGUEIREDO ARRUDA MARTINS;-15.58893000;-56.04738000;infantil|fundamental_i;municipal;ativa;geral;nao;RUA 1, SN JARDIM ELDORADO. 78080-050 Cuiabá - MT.
51060213;EMEB PROFA GRACILDES MELO DANTAS;-15.54412470;-56.02012810;infantil|fundamental_i;municipal;ativa;geral;nao;R 15, QUADRA 60, S/N ALTOS DA GLORIA. 78015-285 Cuiabá - MT.
51037009;EMEB PROFA GUILHERMINA DE FIGUEIREDO;-15.58854000;-56.06029000;fundamental_i;municipal;ativa;geral;nao;AVENIDA GOVERNADOR DANTE MARTINS DE OLIVEIRA, SN CARUMBE. 78050-700 Cuiabá - MT.
51089726;EMEB PROFA JOANA DARK DA SILVA;-15.67487000;-56.03682000;infantil|fundamental_i;municipal;ativa;geral;nao;RUA DOS IPES, REAL PARQUE. 78095-525 Cuiabá - MT.
51037149;EMEB PROFA MARIA AMBROSIO POMMOT;-15.61082000;-56.02637000;infantil|fundamental_i;municipal;ativa;geral;nao;RUA MIL E NOVECENTOS, S/N QD 30. JARDIM IMPERIAL. 78075-820 Cuiabá - MT.
51040212;EMEB PROFA MARIA DIMPINA LOBO DUARTE;-15.62867000;-56.05425000;fundamental_i|fundamental_ii;municipal;ativa;geral;nao;AVENIDA FERNANDO CORREA DA COSTA, 4695 COXIPO DA PONTE. 78085-000 Cuiabá - MT.
51037203;EMEB PROFA PEDROSA MORAIS E SILVA;-15.54730611;-56.05494539;infantil|fundamental_i;municipal;ativa;geral;nao;RUA C, SN QUADRA 05. NOVO PARAISO I. 78055-713 Cuiabá - MT.
51037246;EMEB PROFA RITA CALDAS CASTRILLON;-15.61834000;-56.12340000;infantil|fundamental_i;municipal;ativa;geral;nao;RUA PROGRESSO, SN LOT JD UBATA. COOPHAMIL. 78028-025 Cuiabá - MT.
51037459;EMEB PROFA TEREZA LOBO;-15.61323000;-56.09922000;infantil|fundamental_i;municipal;ativa;geral;nao;CARMINDO DE CAMPOS, 3622 DOM AQUINO. 78015-020 Cuiabá - MT.
51058901;EMEB PROFESSOR ONOFRE DE OLIVEIRA;-15.63893000;-55.97962000;infantil|fundamental_i;municipal;ativa;geral;nao;RUA MARCOS DA LUZ, 001 PASCOAL RAMOS. 78098-120 Cuiabá - MT.
51038692;EMEB PROFESSOR RAFAEL RUEDA;-15.55185000;-56.02522000;infantil|fundamental_i;municipal;ativa;geral;nao;AV. PRINCIPAL, S/N JARDIM UMUARAMA. 78070-710 Cuiabá - MT.
51038218;EMEB QUINTINO PEREIRA DE FREITAS;-15.58257000;-56.07311000;infantil;municipal;ativa;geral;nao;RUA PADRE EMILIO FRANCISCO REINERS, 247 CANJICA. 78050-306 Cuiabá - MT.
51037378;EMEB SANTA CECILIA;-15.61018930;-56.08102910;infantil|fundamental_i;municipal;ativa;geral;nao;RUA CAPITAO IPORA ESQUINA COM AV.TIRADENTES, 162 PICO DO AMOR. 78065-090 Cuiabá - MT.
51037386;EMEB SAO JOAO BOSCO;-15.61287000;-56.12631000;infantil;municipal;ativa;geral;nao;RUA PROFESSORA SILVIA CURVO, S/N CIDADE ALTA. 78030-440 Cuiabá - MT.
51040220;EMEB SAO SEBASTIAO;-15.63346000;-55.98515000;infantil|fundamental_i;municipal;ativa;geral;nao;RUA SAO JERONIMO, 502 ENTRE OS BAIRROS MAN. SAO SEBASTIAO. 78098-240 Cuiabá - MT.
51058839;EMEB SENADOR DARCY RIBEIRO;-15.65111000;-55.98065000;fundamental_i;municipal;ativa;geral;nao;R 18, S/N QUADRA 17. JD INDUSTRIARIO I. 78015-285 Cuiabá - MT.
51058820;EMEB SENADOR GASTAO DE MATTOS MULLER;-15.62814000;-55.95328000;fundamental_i;municipal;ativa;geral;nao;AV INTEGRACAO, S/N TERCEIRA ETAPA. PEDRA 90. 78099-000 Cuiabá - MT.
51039311;EMEB SENHORINHA ANA ALVES DE OLIVEIRA;-15.53706000;-56.07634000;infantil|fundamental_i;municipal;ativa;geral;nao;RODOVIA EMANUEL PINHEIRO, SN DO KM 0,006 AO FIM. JARDIM VITORIA. 78055-733 Cuiabá - MT.
51058804;EMEB SILVA FREIRE;-15.65307170;-56.02745210;fundamental_i;municipal;ativa;geral;nao;RUA BAKAIRI, SN RESIDENCIAL ITAPAJE. 78090-474 Cuiabá - MT.
51037408;EMEB SILVINO LEITE DE ARRUDA;-15.58169333;-56.03739667;infantil|fundamental_i;municipal;ativa;geral;nao;RUA NEBLINA, 176 PLANALTO. 78058-380 Cuiabá - MT.
51037440;EMEB TEN OCTACILIO SEBASTIAO DA CRUZ;-15.56977000;-56.04209000;infantil|fundamental_i;municipal;ativa;geral;nao;RUA 46, 31 QUADRA 14, SETOR 04. CPAIII. 78058-450 Cuiabá - MT.
51040239;EMEB TEREZA BENGUELA;-15.64085000;-56.04391000;infantil|fundamental_i;municipal;ativa;geral;nao;RUA DOIS, SN JARDIM COMODORO. 78090-588 Cuiabá - MT.
51068427;EMEB VEREADOR PAULO DE CAMPOS BORGES;-15.64719000;-55.99246000;infantil|fundamental_i;municipal;ativa;geral;nao;RUA A, PASCOAL RAMOS. 78097-014 Cuiabá - MT.
51038510;EMEBC DR ESTEVAO ALVES CORREA;-15.39622000;-55.99095000;infantil|fundamental_i|fundamental_ii;municipal;ativa;geral;nao;RODOVIA EMANUEL PINHEIRO, KM22 COM. RURAL RIO DOS PEIXES. 78055-733 Cuiabá - MT.
51062895;EMEBC HERBERT DE SOUZA;-15.63059667;-55.93071333;infantil|fundamental_i;municipal;ativa;geral;nao;AREA RURAL, S/N AVENIDA ROTATORIA. CINTURAO VERDE. 78099-899 Cuiabá - MT.
51040654;EMEBC NOSSA SENHORA DA PENHA DE FRANCA;-15.46027000;-55.97731000;infantil|fundamental_i|fundamental_ii;municipal;ativa;geral;nao;RODOVIA MT 402, SN COXIPO DO OURO. COXIPO DO OURO. 78102-000 Cuiabá - MT.
51037548;EMEBC NOVA ESPERANCA;-15.72915160;-56.04522350;infantil|fundamental_i|fundamental_ii;municipal;ativa;geral;nao;RODOVIA PALMIRO PAES DE BARROS, SN L. NOVA ESPERANCA. 78085-417 Cuiabá - MT.
51039575;EMEBC NOVO RENASCER;-15.57701740;-55.77709440;infantil|fundamental_i|fundamental_ii;municipal;ativa;geral;nao;ESTRADA RIO DOS COUROS, 54 FAZENDA VELHA. 78099-899 Cuiabá - MT.
51040662;EMEBC PROF UDENEY GONCALVES DE AMORIM;-15.28186000;-56.13024000;infantil|fundamental_i|fundamental_ii;municipal;ativa;geral;nao;MT 401,24, SN AGUACU. 78108-000 Cuiabá - MT.
51040697;EMEBC PROFA BENEDITA XAVIER RODRIGUES;-15.35641187;-56.23022803;infantil|fundamental_i;municipal;ativa;geral;nao;RUA LUIZ FIRMINO DA FONSECA, 94 DISTRITO NOSSA SENHORA DA GUIA. 78104-000 Cuiabá - MT.
51038501;EMEBC PROFA HILDA CAETANO DE OLIVEIRA LEITE;-15.54776000;-56.15832000;infantil|fundamental_i|fundamental_ii;municipal;ativa;geral;nao;ESTRADA VELHA DA GUIA KM 09, S/N DISTRITO DO SUCURI. 78042-202 Cuiabá - MT.
51035936;ESC ESPEC MARIA APARECIDA PEDROSSIAN APAE-CBA;-15.60690526;-56.10013593;fundamental_i;privada;ativa;exclusivo_deficiencia;sim;RUA MAJOR GAMA, 600 CENTRO SUL. 78020-170 Cuiabá - MT.
51038919;ESCOLA ADVENTISTA CENTRO AMERICA;-15.59159670;-56.09235340;infantil|fundamental_i|fundamental_ii;privada;ativa;geral;nao;RUA GENERAL OSORIO DUQUE ESTRADA, S/N ARAES. 78005-720 Cuiabá - MT.
51140802;ESCOLA ADVENTISTA NATALIA DE PAULA ARRUDA;-15.60770950;-56.11003190;infantil|fundamental_i|fundamental_ii;privada;ativa;geral;nao;RUA COMANDANTE COSTA, 2521 CENTRO-SUL. 78020-400 Cuiabá - MT.
51064316;ESCOLA CHAVE DO SABER;-15.58533540;-56.08322190;infantil|fundamental_i|fundamental_ii;privada;ativa;geral;nao;RUA JOSE DA SILVA MONTEIRO, 5 MIGUEL SUTIL. 78048-295 Cuiabá - MT.
51039087;ESCOLA COOPERAR - ESCOLA DE EDUCACAO BASICA;-15.59137230;-56.10295099;infantil|fundamental_i|fundamental_ii;privada;ativa;geral;nao;PRACA SANTOS DUMONT, QUILOMBO. 78045-230 Cuiabá - MT.
51058758;ESCOLA DE EDUCACAO BASICA E PROFISSIONAL FUNDACAO BRADESCO;-15.53377000;-56.07392000;infantil|fundamental_i|fundamental_ii;privada;ativa;geral;nao;AVENIDA JOSE TORQUATO DA SILVA, 95 JARDIM VITORIA. 78055-714 Cuiabá - MT.
51094215;ESCOLA DE EDUCACAO BASICA SESC ESCOLA;-15.61294770;-56.09621530;infantil|fundamental_i|fundamental_ii;privada;ativa;geral;nao;RUA CONEGO PEREIRA MENDES, 236 DOM AQUINO. 78015-055 Cuiabá - MT.
51097001;ESCOLA E BERCARIO PENINHA VERDE;-15.59682000;-56.11188000;infantil|fundamental_i;privada;ativa;geral;nao;RUA DAS HORTENCIAS, 257 JARDIM CUIABA. 78043-178 Cuiabá - MT.
51171821;ESCOLA ESPIRITA IRMAO PRAEIRO;-15.54410000;-56.06671000;infantil;privada;ativa;geral;sim;RUA SEIS, 43 QD.08. JARDIM VITORIA. 78055-764 Cuiabá - MT.
51066700;ESCOLA ESPIRITA VIANNA DE CARVALHO;-15.55175909;-56.08279151;infantil;privada;ativa;geral;sim;RUA VINTE E UM, 01 QUADRA 08. JARDIM FLORIANOPOLIS. 78055-848 Cuiabá - MT.
51056429;ESCOLA EST MENINOS DO FUTURO;-15.57871210;-56.04291740;;estadual;paralisada;geral;nao;AV DANTE MARTINS DE OLIVEIRA, 1 PLANALTO. 78058-800 Cuiabá - MT.
51070413;ESCOLA FUTURO ENCANTADO;-15.55729563;-56.04532465;infantil|fundamental_i;privada;ativa;geral;nao;RUA DIAMANTINO, 01 QUADRA 74. MORADA DA SERRA. 78055-628 Cuiabá - MT.
51066408;ESCOLA GASPARZINHO LTDA;-15.58390000;-56.09876000;infantil|fundamental_i|fundamental_ii;privada;ativa;geral;nao;RUA PRESIDENTE AFONSO PENA, 718 QUILOMBO. 78043-505 Cuiabá - MT.
51056496;ESCOLA LIVRE PORTO CUIABA;-15.61068000;-56.08815000;infantil|fundamental_i|fundamental_ii;privada;ativa;geral;nao;RUA TENENTE LIRA, 320 DOM AQUINO. 78015-280 Cuiabá - MT.
51138808;ESCOLA NOSSA GERACAO;-15.58110000;-56.09985000;infantil|fundamental_i;privada;ativa;geral;nao;RUA PRESIDENTE WASHINGTON LUIS, 593 QUILOMBO. 78043-512 Cuiabá - MT.
51122804;ESCOLA PARTICULAR PROFESSORA CESARINA SIQUEIRA DA SILVA LTDA;-15.55928000;-56.04533000;infantil|fundamental_i|fundamental_ii;privada;ativa;geral;nao;RUA NOVO HORIZONTE, 01 QUADRA 95. CPA II. 78055-638 Cuiabá - MT.
51061961;ESCOLA PRESBITERIANA DE CUIABA;-15.59698000;-56.08996000;infantil|fundamental_i|fundamental_ii;privada;ativa;geral;nao;RUA SAO BENEDITO, 396 LIXEIRA. 78008-405 Cuiabá - MT.
51039338;ESCOLA VIDEIRA LTDA;-15.61877900;-56.07425030;infantil|fundamental_i|fundamental_ii;privada;ativa;geral;nao;RUA PROFESSOR JUSCELINO REINERS, 32 JARDIM PETROPOLIS. 78070-030 Cuiabá - MT.
51066556;ESCOLINHA BEIJA FLOR;-15.58576000;-56.11223000;infantil|fundamental_i;privada;ativa;geral;nao;RUA MARECHAL FLORIANO PEIXOTO, 1736 DUQUE DE CAXIAS II. 78043-395 Cuiabá - MT.
51088835;FARINA SISTEMA DE ENSINO;-15.60659010;-56.07999420;fundamental_ii;privada;ativa;geral;nao;AVENIDA MIGUEL SUTIL, 1695 JARDIM GUANABARA. 78010-500 Cuiabá - MT.
51067218;HOTELZINHO ANJINHO DA GUARDA LTDA;-15.58506610;-56.08205490;infantil|fundamental_i;privada;ativa;geral;nao;R. DEP. ROBERTO CRUZ,CUIABA, MATO GROSSO, 20 QUADRA 10. ALVORADA. 78048-298 Cuiabá - MT.
51175800;IFMT - CAMPUS CUIABA - BELA VISTA;-15.57931600;-56.06224360;;federal;ativa;geral;sim;AVENIDA JULIANO COSTA MARQUES, S/N BELA VISTA. 78050-560 Cuiabá - MT.
51038536;IFMT - CAMPUS CUIABA - CORONEL OCTAYDE JORGE DA SILVA;-15.59308000;-56.09907000;;federal;ativa;geral;sim;RUA PROF ZULMIRA CANAVARROS, 95 ATRAS DO CEMITERIO. CENTRO. 78005-200 Cuiabá - MT.
51039818;INST DOS CEGOS DO ESTADO DE MATO GROSSO;-15.57118140;-56.04177030;;privada;ativa;sem_escolarizacao;sim;RUA QUARENTA E OITO, 01 SETOR IV. CPA III. 78058-446 Cuiabá - MT.
51193809;INSTITUTO EDUCACIONAL NOSSA SENHORA DE FATIMA;-15.58713372;-56.09422840;infantil|fundamental_i;privada;ativa;geral;nao;RUA AMERICO SALGADO, ARAES. 78005-540 Cuiabá - MT.
51064359;IPH PAPA JOAO XXIII - CRECHE IRMA HYLDA AYDIL BODSTEIN;-15.54033333;-56.05189500;infantil;privada;ativa;geral;sim;RUA ANTONIO ALVES MARTINS, Q 81 LOT 19 E 20. NOVO PARAISO II. 78055-000 Cuiabá - MT.
51067226;LETRA VIVA BABY CRECHE E PRE ESCOLA;-15.59014000;-56.07918000;infantil;privada;ativa;geral;nao;RUA DA CEREJA, 371 BOSQUE DA SAUDE. 78050-020 Cuiabá - MT.
51067056;PINGO DE LUZ E VILA AURUM;-15.60987065;-56.05755009;infantil;privada;ativa;geral;nao;RUA DEZESSEIS, 146 BOA ESPERANCA. 78068-435 Cuiabá - MT.
51070286;PINGO DE LUZ E VILA AURUM;-15.60987029;-56.05756983;fundamental_i|fundamental_ii;privada;ativa;geral;nao;RUA 16, 146 BOA ESPERANCA. 78068-625 Cuiabá - MT.
51039060;PLURAL CENTRO EDUCACIONAL LTDA;-15.56047420;-56.09030280;infantil|fundamental_i|fundamental_ii;privada;ativa;geral;nao;ROD. ARQ. HELDER CANDIA, 101 JD. UBIRAJARA. 78049-508 Cuiabá - MT.
51093065;SALESIANO SANTO ANTONIO - ESCOLA DE EDUCACAO BASICA;-15.62171560;-56.05686770;infantil|fundamental_i|fundamental_ii;privada;ativa;geral;nao;RUA ALEXANDRE DE BARROS, 387 CHACARA DOS PINHEIROS. 78080-030 Cuiabá - MT.
51065215;SENAI CUIABA;-15.60857000;-56.10115000;;privada;ativa;geral;sim;AVENIDA QUINZE DE NOVEMBRO, 303 CENTRO SUL. 78020-300 Cuiabá - MT.
51065649;SERVICO NACIONAL DE APRENDIZAGEM COMERCIAL - CUIABA;-15.59737000;-56.10158000;;privada;ativa;geral;nao;AV EDGAR VIEIRA, 1625 BOA ESPERANCA. 78068-784 Cuiabá - MT.
51093650;SESI ESCOLA CUIABA;-15.57599740;-56.05975158;infantil|fundamental_i|fundamental_ii;privada;ativa;geral;nao;AVENIDA OATOMO CANAVARROS, 1079 PROXIMO AO SESI PAPA. BELA VISTA. 78050-568 Cuiabá - MT.
51062062;SISTEMA DE ENSINO SAO BENEDITO;-15.59996000;-56.08777000;fundamental_i|fundamental_ii;privada;ativa;geral;nao;RUA SAO BENEDITO, 893 AREAO. 78010-258 Cuiabá - MT.
51066521;TOQUE DE MAE EDUCACAO INFANTIL BILINGUE;-15.60197000;-56.05719000;infantil;privada;ativa;geral;nao;AVENIDA ERICO GONCALVES PREZA FILHO, 159 JARDIM ITALIA. 78060-758 Cuiabá - MT.
51065312;UNEC - UNIDADE DE EDUCACAO DE CUIABA;-15.62001031;-56.07977124;;privada;ativa;geral;nao;AVENIDA GENERAL MELLO, 2356 CAMPO VELHO. 78065-290 Cuiabá - MT.
